player_id,sleeper_rank,bye_week,sleeper_proj_dollar
4984,1,7,58
9509,2,11,57
11564,3,11,53
9221,4,6,48
7564,5,6,46
9493,6,11,46
9488,7,11,43
11566,8,7,41
4034,9,8,40
6770,10,6,39
4881,11,13,39
6813,12,13,38
8138,13,7,36
11560,14,10,36
6786,15,14,35
7547,16,6,35
6794,17,6,35
8112,18,11,35
12527,19,13,34
9226,20,6,34
8130,21,14,33
12508,22,8,33
6797,23,7,32
6904,24,10,32
4046,25,5,31
8151,26,5,31
12507,27,7,31
4866,28,10,30
5859,29,11,28
13287,30,14,28
7523,31,7,28
7569,32,8,28
11563,33,10,27
9224,34,6,26
8137,35,14,26
8183,36,8,26
11604,37,13,26
8144,38,8,25
13269,39,13,25
5850,40,11,25
11584,41,10,25
11632,42,8,24
10229,43,5,24
3294,44,14,23
3198,45,13,23
6801,46,6,23
12526,47,5,22
8155,48,13,22
6804,49,11,21
8150,50,11,21
8146,51,13,20
12519,52,10,20
7543,53,8,19
7588,54,14,19
7526,55,10,18
2133,56,11,18
11635,57,7,18
12517,58,10,17
9997,59,13,17
8148,60,6,15
12529,61,11,15
7525,62,10,15
12514,63,10,14
4892,64,10,14
3163,65,6,14
5927,66,7,14
12518,67,13,14
12489,68,10,14
4983,69,7,14
12481,70,8,13
12490,71,7,13
12522,72,9,13
2216,73,8,13
13279,74,9,13
6790,75,10,13
9758,76,8,13
12512,77,11,13
12545,78,8,13
12506,79,11,12
4943,80,11,12
8167,81,11,12
5892,82,8,11
8228,83,9,11
5849,84,6,11
11620,85,10,11
13281,86,8,11
9228,87,5,11
421,88,11,10
9484,89,11,10
5045,90,10,9
7553,91,11,9
5870,92,13,9
8161,93,6,8
5846,94,9,8
7611,95,11,7
10232,96,14,7
13294,97,10,6
5947,98,7,6
11631,99,7,6
12534,100,10,6
10859,101,6,6
10236,102,7,6
9487,103,7,5
11628,104,14,5
5967,105,9,5
7021,106,9,5
12493,107,7,5
7594,108,5,5
11586,109,11,5
8142,110,13,4
4037,111,10,4
3214,112,11,4
5022,113,10,4
6806,114,10,3
5012,115,13,3
8110,116,14,3
5001,117,8,3
9756,118,6,3
13275,119,11,3
4217,120,8,3
8154,121,11,3
7002,122,8,2
9480,123,7,2
8126,124,9,2
1466,125,5,2
6819,126,9,2
13330,127,13,2
9754,128,7,2
4199,129,6,2
7567,130,10,2
8131,131,8,2
2449,132,7,2
8132,133,14,2
8121,134,11,1
4137,135,14,1
10222,136,11,1
12533,137,7,1
8134,138,7,1
LAR,139,11,1
7049,140,6,1
11624,141,5,1
HOU,142,8,1
13286,143,11,1
11603,144,11,1
SEA,145,11,1
9753,146,11,1
6768,147,11,1
12484,148,8,1
5844,149,6,1
12474,150,8,1
13298,151,11,1
11559,152,11,1
11565,153,6,1
4033,154,7,1
11646,155,5,1
11655,156,8,1
PHI,157,10,1
8408,158,6,1
9500,159,13,1
13337,160,5,1
DEN,161,10,1
6865,162,11,1
3257,163,14,1
8210,164,7,1
11589,165,14,1
12524,166,11,1
12498,167,13,1
13345,168,10,1
13349,169,10,1
4035,170,8,1
12487,171,11,1
BAL,172,13,1
9508,173,9,1
8136,174,7,1
11597,175,8,1
3321,176,-,1
8111,177,10,1
5872,178,8,1
13276,179,13,1
NE,180,11,1
12469,181,11,1
12502,182,9,1
13346,183,11,1
MIN,184,6,1
13301,185,7,1
12530,186,7,1
7527,187,8,1
9229,188,13,1
12501,189,11,1
6783,190,11,1
11576,191,13,1
1373,192,13,1
8676,193,11,1
DET,194,6,1
11625,195,13,1
9504,196,11,1
13305,197,13,1
11618,198,10,1
11647,199,7,1
10219,200,7,1
11583,201,5,1
11627,202,10,1
12492,203,10,1
9225,204,10,1
12540,205,9,1
9511,206,7,1
6803,207,8,1
JAX,208,7,1
8205,209,6,1
8698,210,8,1
9506,211,10,1
12509,212,7,1
4981,213,9,1
13405,214,7,1
13293,215,13,1
12535,216,6,1
12499,217,9,1
11435,218,11,1
4018,219,-,1
13320,220,11,1
9502,221,8,1
10213,222,13,1
PIT,223,9,1
7591,224,5,1
13404,225,5,1
11575,226,7,1
KC,227,5,1
13288,228,9,1
96,229,9,1
12476,230,8,1
NYG,231,8,1
7528,232,-,1
12536,233,8,1
11643,234,6,1
12504,235,9,1
LAC,236,7,1
13347,237,6,1
9494,238,10,1
12510,239,11,1
13274,240,9,1
7090,241,8,1
12547,242,11,1
GB,243,11,1
13317,244,10,1
9757,245,8,1
DAL,246,14,1
8180,247,13,1
12455,248,5,1
11783,249,14,1
12497,250,11,1
CHI,251,10,1
1166,252,13,1
SF,253,8,1
13268,254,13,1
12511,255,9,1
13311,256,6,1
7571,257,13,1
1479,258,-,1
11637,259,7,1
IND,260,13,1
4039,261,11,1
12457,262,14,1
11579,263,8,1
12483,264,13,1
11834,265,8,1
BUF,266,7,1
11569,267,11,1
4950,268,8,1
13285,269,8,1
ATL,270,11,1
13278,271,11,1
13401,272,14,1
TB,273,10,1
12500,274,6,1
CAR,275,5,1
4017,276,11,1
CIN,277,6,1
13417,278,8,1
NO,279,8,1
13303,280,13,1
2307,281,7,1
12470,282,13,1
CLE,283,11,1
TEN,284,9,1
ARI,285,14,1
2306,286,8,1
11557,287,14,1
11256,288,10,1
LV,289,13,1
NYJ,290,13,1
MIA,291,6,1
13272,292,14,1
13353,293,5,1
11638,294,8,1
WAS,295,7,1
9999,296,9,1
9998,297,9,1
982,298,-,1
9759,299,-,1
973,300,-,1
964,301,-,1
963,302,-,1
956,303,-,1
954,304,-,1
9512,305,-,1
9510,306,9,1
9507,307,-,1
9505,308,-,1
9503,309,-,1
9501,310,11,1
9499,311,-,1
9498,312,-,1
9497,313,8,1
9496,314,-,1
9495,315,-,1
9492,316,8,1
9491,317,-,1
9490,318,11,1
9489,319,13,1
9486,320,10,1
9483,321,14,1
9482,322,13,1
9481,323,11,1
9479,324,9,1
947,325,-,1
943,326,-,1
928,327,-,1
9231,328,-,1
9230,329,10,1
9227,330,14,1
9223,331,-,1
9222,332,-,1
9220,333,14,1
902,334,-,1
8938,335,-,1
8934,336,-,1
8931,337,-,1
8928,338,-,1
8924,339,-,1
8921,340,10,1
8917,341,14,1
8915,342,-,1
8908,343,-,1
8905,344,-,1
89,345,-,1
8892,346,-,1
8891,347,-,1
8890,348,-,1
8888,349,-,1
8885,350,-,1
8884,351,-,1
8881,352,-,1
8878,353,-,1
8876,354,-,1
8864,355,-,1
8863,356,-,1
8861,357,11,1
886,358,-,1
8858,359,-,1
8849,360,8,1
8840,361,-,1
8831,362,-,1
8828,363,-,1
8825,364,-,1
8824,365,-,1
8820,366,-,1
8817,367,-,1
8813,368,-,1
8809,369,-,1
8801,370,10,1
8800,371,14,1
8799,372,8,1
8798,373,-,1
8783,374,6,1
8778,375,-,1
8770,376,-,1
8769,377,-,1
8760,378,-,1
8757,379,-,1
8756,380,13,1
8755,381,10,1
8751,382,-,1
8749,383,-,1
8747,384,-,1
8745,385,9,1
8741,386,-,1
8732,387,-,1
8731,388,-,1
8721,389,-,1
8707,390,-,1
8706,391,-,1
8705,392,-,1
8700,393,-,1
8699,394,-,1
8697,395,-,1
8694,396,-,1
8690,397,-,1
8685,398,-,1
868,399,-,1
8665,400,-,1
8663,401,-,1
8660,402,-,1
8656,403,-,1
8650,404,-,1
8638,405,-,1
8634,406,-,1
8633,407,-,1
8632,408,-,1
8628,409,-,1
8624,410,-,1
8621,411,-,1
862,412,-,1
8613,413,-,1
8602,414,-,1
8595,415,-,1
8589,416,-,1
8583,417,10,1
8581,418,-,1
8579,419,-,1
8575,420,-,1
8573,421,-,1
8572,422,-,1
8571,423,-,1
8570,424,-,1
8568,425,-,1
8560,426,-,1
8559,427,-,1
8553,428,-,1
8549,429,-,1
8543,430,-,1
8539,431,-,1
8527,432,13,1
8523,433,6,1
8500,434,-,1
8489,435,13,1
8484,436,10,1
8475,437,8,1
8442,438,-,1
8441,439,-,1
8439,440,-,1
8438,441,-,1
8437,442,-,1
8436,443,-,1
8435,444,-,1
8433,445,-,1
8431,446,-,1
8429,447,-,1
8428,448,-,1
8424,449,-,1
8423,450,10,1
8421,451,-,1
8420,452,-,1
8419,453,-,1
8418,454,-,1
8416,455,-,1
8414,456,10,1
8413,457,5,1
8411,458,-,1
8410,459,-,1
8409,460,-,1
8407,461,-,1
830,462,-,1
829,463,10,1
827,464,11,1
8255,465,6,1
8254,466,9,1
8253,467,13,1
8252,468,-,1
8251,469,-,1
8250,470,6,1
8249,471,10,1
8248,472,-,1
8247,473,-,1
8246,474,-,1
8245,475,-,1
8243,476,-,1
8242,477,-,1
8241,478,-,1
8240,479,-,1
8239,480,-,1
8238,481,-,1
8236,482,-,1
8235,483,10,1
8234,484,-,1
8233,485,-,1
8232,486,-,1
8230,487,8,1
8229,488,-,1
8227,489,14,1
8226,490,-,1
8225,491,9,1
8224,492,-,1
8223,493,11,1
8222,494,-,1
8221,495,-,1
8220,496,8,1
8219,497,13,1
8218,498,-,1
8217,499,-,1
8215,500,-,1
8214,501,6,1
8213,502,-,1
8212,503,-,1
8211,504,-,1
8209,505,-,1
8208,506,10,1
8207,507,11,1
8206,508,13,1
8204,509,11,1
8203,510,-,1
8202,511,10,1
8201,512,-,1
8200,513,8,1
8199,514,-,1
8198,515,-,1
8197,516,-,1
8196,517,-,1
8195,518,11,1
8194,519,14,1
8193,520,-,1
8192,521,-,1
8191,522,-,1
8190,523,-,1
8189,524,-,1
8188,525,5,1
8187,526,-,1
8186,527,-,1
8185,528,-,1
8184,529,-,1
8182,530,-,1
8181,531,13,1
818,532,-,1
8179,533,-,1
8178,534,-,1
8177,535,10,1
8176,536,10,1
8175,537,-,1
8174,538,-,1
8173,539,-,1
8172,540,6,1
8171,541,-,1
8170,542,5,1
8169,543,-,1
8168,544,11,1
8166,545,-,1
8164,546,-,1
8162,547,14,1
8160,548,5,1
8159,549,-,1
8158,550,-,1
8157,551,13,1
8153,552,-,1
8152,553,-,1
8149,554,-,1
8147,555,5,1
8145,556,13,1
8143,557,7,1
8140,558,-,1
8139,559,-,1
8135,560,7,1
8129,561,10,1
8127,562,7,1
8125,563,8,1
8123,564,-,1
8122,565,14,1
8120,566,-,1
812,567,11,1
8119,568,11,1
8118,569,-,1
8117,570,6,1
8116,571,11,1
8115,572,-,1
8114,573,10,1
8108,574,-,1
8107,575,10,1
8105,576,-,1
8103,577,-,1
8102,578,-,1
8101,579,-,1
8095,580,-,1
8094,581,-,1
8092,582,-,1
8090,583,-,1
8089,584,-,1
8088,585,6,1
8087,586,-,1
8085,587,-,1
8077,588,-,1
8076,589,10,1
8074,590,-,1
8070,591,-,1
8068,592,-,1
8061,593,-,1
8058,594,-,1
8057,595,-,1
8052,596,-,1
8051,597,-,1
8041,598,7,1
8039,599,-,1
8038,600,-,1
8033,601,-,1
8027,602,-,1
8026,603,-,1
8025,604,10,1
8021,605,-,1
8019,606,-,1
8018,607,-,1
8013,608,7,1
801,609,-,1
8008,610,-,1
8005,611,6,1
8002,612,7,1
7996,613,-,1
7993,614,-,1
7992,615,-,1
7990,616,-,1
7989,617,8,1
7988,618,-,1
7985,619,-,1
7983,620,-,1
7980,621,-,1
7978,622,-,1
7972,623,-,1
7960,624,-,1
7956,625,-,1
7954,626,-,1
7951,627,-,1
7949,628,-,1
7946,629,11,1
7944,630,-,1
7943,631,-,1
7941,632,-,1
7938,633,-,1
7935,634,-,1
7926,635,-,1
7918,636,-,1
7915,637,-,1
7905,638,-,1
7904,639,-,1
7903,640,-,1
7901,641,-,1
7899,642,-,1
7897,643,-,1
7893,644,-,1
7891,645,6,1
7890,646,-,1
7885,647,-,1
788,648,-,1
7874,649,-,1
7868,650,5,1
7867,651,-,1
7865,652,9,1
7864,653,-,1
7863,654,-,1
7862,655,-,1
7860,656,-,1
7859,657,-,1
7858,658,-,1
7854,659,-,1
7852,660,-,1
7848,661,-,1
7842,662,8,1
7828,663,5,1
7812,664,14,1
7809,665,-,1
7808,666,-,1
7794,667,-,1
7793,668,-,1
7789,669,-,1
7771,670,-,1
7757,671,9,1
7752,672,-,1
7751,673,-,1
7746,674,7,1
7744,675,-,1
7741,676,-,1
7735,677,-,1
7734,678,-,1
7733,679,-,1
7729,680,-,1
7720,681,13,1
7716,682,7,1
7713,683,-,1
7703,684,-,1
7694,685,5,1
7670,686,7,1
7624,687,-,1
7623,688,-,1
7622,689,-,1
7619,690,-,1
7618,691,5,1
7616,692,-,1
7614,693,-,1
7613,694,-,1
7612,695,-,1
7610,696,7,1
7609,697,-,1
7608,698,8,1
7607,699,9,1
7606,700,-,1
7605,701,-,1
7603,702,-,1
7602,703,9,1
7601,704,-,1
7600,705,9,1
7599,706,-,1
7597,707,14,1
7596,708,10,1
7595,709,11,1
7593,710,-,1
7589,711,-,1
7587,712,7,1
7586,713,-,1
7585,714,8,1
7584,715,-,1
7583,716,10,1
7582,717,-,1
7581,718,-,1
7580,719,-,1
7579,720,-,1
7578,721,-,1
7576,722,-,1
7574,723,-,1
7573,724,-,1
7572,725,-,1
7568,726,8,1
7565,727,6,1
7563,728,-,1
7562,729,6,1
7561,730,10,1
7560,731,-,1
7559,732,14,1
7558,733,-,1
7556,734,-,1
7555,735,-,1
7554,736,-,1
7552,737,-,1
7551,738,-,1
7550,739,-,1
7549,740,-,1
7548,741,-,1
7546,742,-,1
7545,743,-,1
7541,744,-,1
7540,745,-,1
7539,746,-,1
7538,747,8,1
7537,748,7,1
7536,749,7,1
7535,750,7,1
7534,751,-,1
7533,752,-,1
7532,753,-,1
7531,754,5,1
7530,755,-,1
7529,756,6,1
7522,757,-,1
7521,758,11,1
7503,759,-,1
7502,760,-,1
7499,761,-,1
7496,762,13,1
7483,763,-,1
7481,764,-,1
7475,765,-,1
7466,766,-,1
7465,767,-,1
7464,768,-,1
7462,769,-,1
7460,770,-,1
7458,771,-,1
7457,772,-,1
7455,773,-,1
7454,774,-,1
7452,775,-,1
745,776,-,1
7439,777,-,1
7438,778,11,1
7436,779,9,1
7435,780,-,1
7427,781,-,1
7426,782,-,1
7425,783,-,1
7424,784,-,1
7420,785,-,1
7418,786,-,1
7414,787,-,1
7412,788,-,1
7407,789,-,1
7404,790,-,1
7401,791,-,1
7400,792,-,1
7397,793,-,1
7396,794,-,1
7395,795,-,1
7394,796,-,1
7387,797,-,1
7379,798,-,1
7378,799,-,1
7376,800,-,1
7370,801,-,1
7368,802,-,1
7367,803,-,1
7359,804,-,1
7358,805,-,1
7357,806,5,1
7352,807,-,1
7351,808,-,1
7340,809,-,1
7339,810,-,1
7337,811,-,1
7336,812,-,1
7335,813,-,1
7334,814,-,1
7320,815,-,1
7319,816,-,1
7318,817,-,1
7317,818,-,1
7316,819,-,1
7315,820,-,1
7309,821,-,1
7308,822,-,1
7299,823,-,1
7288,824,-,1
7287,825,-,1
7286,826,-,1
7279,827,-,1
7274,828,-,1
7272,829,-,1
7264,830,-,1
7262,831,13,1
7258,832,-,1
7245,833,-,1
7244,834,-,1
7243,835,-,1
7237,836,-,1
7236,837,-,1
7235,838,-,1
7234,839,-,1
7233,840,-,1
7228,841,-,1
7227,842,-,1
7218,843,-,1
7217,844,-,1
7216,845,-,1
7212,846,-,1
7211,847,-,1
7210,848,-,1
7204,849,11,1
7191,850,-,1
7190,851,-,1
7176,852,-,1
7175,853,-,1
7174,854,-,1
7173,855,-,1
7172,856,-,1
7162,857,-,1
7161,858,-,1
7159,859,-,1
7158,860,-,1
7157,861,-,1
7156,862,-,1
7149,863,8,1
7143,864,-,1
7135,865,-,1
7131,866,-,1
7109,867,-,1
7107,868,-,1
7106,869,7,1
7103,870,14,1
7101,871,-,1
7100,872,-,1
7098,873,-,1
7093,874,10,1
7092,875,-,1
7091,876,-,1
7088,877,-,1
7087,878,-,1
7086,879,-,1
7085,880,-,1
7084,881,-,1
7083,882,13,1
7082,883,-,1
7081,884,-,1
7080,885,-,1
7079,886,-,1
7078,887,-,1
7076,888,-,1
7075,889,11,1
7066,890,9,1
7065,891,-,1
7064,892,-,1
7063,893,-,1
7056,894,-,1
7055,895,-,1
7050,896,8,1
7048,897,11,1
7045,898,-,1
7039,899,11,1
7038,900,-,1
7035,901,-,1
7032,902,-,1
7015,903,-,1
7013,904,-,1
7009,905,-,1
7008,906,-,1
7005,907,-,1
7001,908,-,1
6996,909,-,1
6993,910,-,1
6992,911,6,1
6989,912,-,1
6988,913,-,1
6985,914,-,1
6984,915,-,1
6982,916,-,1
6973,917,-,1
6970,918,-,1
6967,919,-,1
6966,920,-,1
6964,921,13,1
6963,922,8,1
6960,923,14,1
6959,924,-,1
6957,925,-,1
6956,926,-,1
6955,927,-,1
6954,928,-,1
6951,929,-,1
695,930,-,1
6945,931,-,1
6943,932,-,1
6939,933,-,1
6938,934,-,1
6932,935,-,1
6931,936,7,1
6927,937,10,1
6926,938,-,1
6920,939,8,1
6919,940,-,1
6918,941,10,1
6913,942,-,1
6909,943,-,1
6908,944,-,1
6906,945,-,1
6898,946,-,1
6895,947,-,1
6894,948,-,1
6892,949,-,1
6886,950,-,1
6885,951,-,1
6879,952,-,1
6878,953,-,1
6873,954,-,1
6870,955,-,1
6869,956,10,1
6866,957,7,1
6857,958,-,1
6853,959,7,1
6850,960,-,1
6849,961,14,1
6847,962,14,1
6846,963,-,1
6845,964,-,1
6843,965,13,1
6834,966,-,1
6832,967,-,1
6828,968,5,1
6826,969,10,1
6824,970,-,1
6823,971,-,1
6822,972,-,1
6820,973,-,1
6814,974,-,1
6805,975,-,1
6798,976,6,1
6789,977,-,1
6778,978,-,1
6763,979,-,1
6762,980,-,1
676,981,-,1
6755,982,-,1
6753,983,-,1
6744,984,-,1
6742,985,-,1
6737,986,-,1
6730,987,-,1
6728,988,-,1
6727,989,-,1
6723,990,-,1
6713,991,-,1
6712,992,-,1
6710,993,-,1
6705,994,-,1
6701,995,-,1
6700,996,-,1
6699,997,8,1
6697,998,-,1
6694,999,-,1
6692,1000,-,1
6686,1001,-,1
6685,1002,-,1
6665,1003,-,1
6664,1004,-,1
6663,1005,-,1
6662,1006,-,1
6661,1007,-,1
6659,1008,-,1
6637,1009,-,1
663,1010,-,1
6629,1011,-,1
6628,1012,-,1
6626,1013,-,1
6618,1014,-,1
6617,1015,-,1
6606,1016,-,1
6605,1017,-,1
6598,1018,8,1
6596,1019,-,1
6595,1020,-,1
6593,1021,-,1
6592,1022,-,1
6591,1023,-,1
6590,1024,-,1
6588,1025,6,1
6586,1026,-,1
6585,1027,-,1
6557,1028,-,1
6554,1029,-,1
6553,1030,-,1
6552,1031,-,1
6549,1032,-,1
6548,1033,-,1
6540,1034,11,1
6539,1035,-,1
6535,1036,-,1
6529,1037,13,1
6524,1038,-,1
6522,1039,-,1
6519,1040,-,1
6506,1041,-,1
6501,1042,-,1
6493,1043,-,1
6492,1044,-,1
6491,1045,-,1
6490,1046,-,1
6489,1047,-,1
6487,1048,-,1
6469,1049,-,1
6468,1050,-,1
6465,1051,10,1
6462,1052,-,1
6460,1053,-,1
6459,1054,-,1
6453,1055,-,1
6451,1056,10,1
6450,1057,-,1
6449,1058,-,1
6448,1059,-,1
6446,1060,-,1
6443,1061,-,1
6439,1062,-,1
6438,1063,-,1
6435,1064,-,1
6427,1065,13,1
6421,1066,-,1
6420,1067,-,1
642,1068,-,1
6402,1069,-,1
6401,1070,-,1
6399,1071,-,1
6396,1072,-,1
6395,1073,-,1
6394,1074,-,1
6392,1075,-,1
6389,1076,-,1
6388,1077,-,1
6387,1078,-,1
6386,1079,-,1
6385,1080,-,1
6384,1081,-,1
6381,1082,-,1
6380,1083,-,1
6379,1084,-,1
6375,1085,-,1
6374,1086,-,1
6373,1087,-,1
6372,1088,-,1
6371,1089,-,1
6370,1090,-,1
6365,1091,-,1
6364,1092,-,1
6363,1093,-,1
6362,1094,-,1
6361,1095,-,1
6359,1096,-,1
6358,1097,-,1
6357,1098,-,1
6352,1099,-,1
6343,1100,-,1
6342,1101,-,1
6334,1102,-,1
6323,1103,13,1
6322,1104,-,1
6320,1105,-,1
6318,1106,-,1
6317,1107,-,1
6311,1108,-,1
6308,1109,-,1
6298,1110,-,1
6293,1111,-,1
6290,1112,10,1
6288,1113,-,1
6279,1114,-,1
6271,1115,11,1
627,1116,-,1
6269,1117,-,1
6263,1118,-,1
6261,1119,-,1
6260,1120,-,1
6259,1121,-,1
6248,1122,-,1
6247,1123,-,1
6246,1124,-,1
6239,1125,-,1
6238,1126,-,1
6237,1127,-,1
6236,1128,-,1
6234,1129,-,1
6233,1130,-,1
6231,1131,-,1
6227,1132,-,1
6223,1133,-,1
6209,1134,-,1
6205,1135,-,1
6203,1136,-,1
6202,1137,-,1
6196,1138,-,1
6195,1139,-,1
6188,1140,-,1
6187,1141,-,1
6185,1142,13,1
6181,1143,-,1
6178,1144,-,1
6175,1145,11,1
6171,1146,-,1
6168,1147,-,1
6167,1148,6,1
6165,1149,-,1
6164,1150,-,1
6163,1151,-,1
6161,1152,-,1
616,1153,-,1
6159,1154,-,1
6156,1155,-,1
6155,1156,-,1
6154,1157,10,1
6153,1158,-,1
6151,1159,-,1
6149,1160,8,1
6148,1161,-,1
6147,1162,8,1
6146,1163,-,1
6144,1164,-,1
6142,1165,-,1
6139,1166,-,1
6137,1167,-,1
6136,1168,10,1
6130,1169,8,1
6126,1170,-,1
6115,1171,-,1
6111,1172,10,1
6109,1173,7,1
6108,1174,-,1
6107,1175,-,1
6097,1176,-,1
6089,1177,-,1
6088,1178,-,1
6081,1179,-,1
6075,1180,-,1
6074,1181,-,1
6072,1182,-,1
6069,1183,-,1
6068,1184,-,1
6063,1185,-,1
606,1186,-,1
6059,1187,-,1
6049,1188,-,1
6047,1189,-,1
6045,1190,-,1
6040,1191,-,1
6039,1192,7,1
6037,1193,-,1
6036,1194,-,1
6032,1195,-,1
6031,1196,-,1
6021,1197,-,1
6019,1198,-,1
6018,1199,-,1
6017,1200,-,1
6016,1201,9,1
6012,1202,9,1
6011,1203,14,1
6007,1204,-,1
6002,1205,-,1
6001,1206,6,1
5997,1207,-,1
5995,1208,13,1
5987,1209,-,1
5985,1210,8,1
5984,1211,-,1
5980,1212,-,1
5977,1213,-,1
5976,1214,-,1
5975,1215,-,1
5974,1216,-,1
5973,1217,6,1
5970,1218,6,1
5965,1219,-,1
5962,1220,-,1
5961,1221,-,1
5957,1222,11,1
5955,1223,-,1
5950,1224,-,1
5941,1225,-,1
5938,1226,10,1
5937,1227,-,1
5929,1228,-,1
5924,1229,-,1
5919,1230,-,1
5918,1231,-,1
5917,1232,7,1
5916,1233,-,1
5915,1234,-,1
5911,1235,-,1
5906,1236,7,1
5903,1237,-,1
5902,1238,-,1
5890,1239,-,1
5889,1240,-,1
5886,1241,10,1
5885,1242,-,1
5884,1243,-,1
5880,1244,-,1
5878,1245,-,1
5873,1246,-,1
587,1247,-,1
5863,1248,-,1
5857,1249,8,1
5854,1250,11,1
5848,1251,10,1
5831,1252,-,1
5828,1253,-,1
5809,1254,-,1
5808,1255,-,1
5806,1256,-,1
5804,1257,-,1
5801,1258,-,1
5800,1259,-,1
5799,1260,-,1
5798,1261,-,1
5796,1262,-,1
5791,1263,-,1
5787,1264,-,1
5786,1265,-,1
5785,1266,-,1
5781,1267,8,1
5777,1268,-,1
5776,1269,-,1
5775,1270,-,1
5774,1271,-,1
5773,1272,8,1
5772,1273,-,1
5762,1274,-,1
5760,1275,-,1
5756,1276,-,1
5754,1277,-,1
5752,1278,-,1
5751,1279,-,1
5750,1280,-,1
5747,1281,-,1
5745,1282,-,1
5744,1283,8,1
574,1284,-,1
5734,1285,-,1
5733,1286,-,1
5722,1287,-,1
5718,1288,-,1
5714,1289,-,1
5710,1290,-,1
5709,1291,-,1
5705,1292,-,1
5703,1293,-,1
5700,1294,-,1
5699,1295,-,1
5697,1296,-,1
5695,1297,-,1
5663,1298,-,1
5661,1299,-,1
5638,1300,10,1
5637,1301,-,1
5619,1302,-,1
5618,1303,-,1
5612,1304,-,1
5609,1305,-,1
5608,1306,-,1
5597,1307,-,1
5590,1308,-,1
559,1309,-,1
5587,1310,-,1
5586,1311,-,1
5570,1312,-,1
5569,1313,-,1
5566,1314,-,1
5565,1315,-,1
5560,1316,-,1
5558,1317,-,1
5550,1318,-,1
5549,1319,-,1
5548,1320,-,1
5547,1321,-,1
5539,1322,-,1
5536,1323,-,1
5530,1324,-,1
5468,1325,-,1
5465,1326,-,1
5464,1327,-,1
5463,1328,-,1
5462,1329,-,1
5432,1330,-,1
5431,1331,-,1
5428,1332,-,1
5427,1333,-,1
5425,1334,-,1
5409,1335,6,1
5408,1336,-,1
5407,1337,-,1
5403,1338,-,1
5401,1339,-,1
5398,1340,-,1
5395,1341,-,1
5392,1342,-,1
5385,1343,-,1
5384,1344,-,1
538,1345,-,1
5374,1346,8,1
536,1347,-,1
5359,1348,-,1
5358,1349,-,1
5355,1350,-,1
5347,1351,-,1
533,1352,-,1
5323,1353,-,1
5322,1354,-,1
5310,1355,-,1
5296,1356,-,1
5295,1357,-,1
5294,1358,-,1
5293,1359,-,1
5292,1360,-,1
5290,1361,-,1
5289,1362,-,1
5286,1363,-,1
5285,1364,-,1
5284,1365,-,1
5283,1366,-,1
5278,1367,-,1
5277,1368,-,1
5276,1369,-,1
5275,1370,-,1
5273,1371,-,1
5271,1372,-,1
5269,1373,-,1
5268,1374,-,1
5265,1375,-,1
5264,1376,-,1
5263,1377,-,1
5261,1378,-,1
5260,1379,-,1
5257,1380,-,1
5255,1381,-,1
5254,1382,-,1
5253,1383,-,1
5252,1384,-,1
5250,1385,-,1
5249,1386,-,1
5248,1387,-,1
5246,1388,-,1
5245,1389,-,1
5244,1390,-,1
5243,1391,-,1
5242,1392,-,1
5241,1393,-,1
5240,1394,-,1
5239,1395,-,1
5238,1396,-,1
5236,1397,-,1
5235,1398,-,1
5233,1399,-,1
5231,1400,-,1
5228,1401,-,1
5224,1402,-,1
5223,1403,9,1
5220,1404,-,1
5217,1405,-,1
5211,1406,-,1
5210,1407,-,1
5209,1408,-,1
5207,1409,-,1
5201,1410,-,1
5199,1411,-,1
5197,1412,-,1
5196,1413,-,1
5195,1414,-,1
5185,1415,-,1
5176,1416,-,1
5171,1417,-,1
5170,1418,-,1
5169,1419,-,1
5168,1420,-,1
5167,1421,-,1
5166,1422,-,1
5163,1423,-,1
5162,1424,-,1
5156,1425,-,1
5155,1426,-,1
5154,1427,7,1
515,1428,-,1
5145,1429,-,1
5144,1430,-,1
5143,1431,-,1
5142,1432,-,1
5140,1433,-,1
5139,1434,-,1
5138,1435,-,1
5137,1436,-,1
5136,1437,-,1
5134,1438,-,1
5133,1439,6,1
5132,1440,-,1
5131,1441,-,1
5130,1442,-,1
5129,1443,-,1
5128,1444,-,1
5127,1445,7,1
5126,1446,-,1
5125,1447,-,1
5124,1448,-,1
5123,1449,-,1
5122,1450,-,1
5121,1451,8,1
5120,1452,-,1
5117,1453,-,1
5116,1454,-,1
5113,1455,6,1
5112,1456,-,1
5111,1457,-,1
5110,1458,-,1
5108,1459,-,1
5107,1460,-,1
5103,1461,-,1
5102,1462,-,1
5101,1463,-,1
5100,1464,-,1
5096,1465,-,1
5094,1466,-,1
5092,1467,-,1
5089,1468,-,1
5086,1469,14,1
5080,1470,-,1
5076,1471,-,1
5068,1472,-,1
5052,1473,-,1
5046,1474,-,1
5038,1475,-,1
5032,1476,-,1
5026,1477,-,1
5024,1478,-,1
5013,1479,-,1
5010,1480,-,1
5009,1481,-,1
5008,1482,13,1
5007,1483,-,1
5005,1484,-,1
5004,1485,14,1
5000,1486,-,1
4998,1487,-,1
4997,1488,-,1
4996,1489,-,1
4995,1490,13,1
4994,1491,-,1
4993,1492,6,1
4992,1493,7,1
4988,1494,-,1
4985,1495,-,1
4973,1496,-,1
4972,1497,9,1
4962,1498,-,1
4955,1499,-,1
4951,1500,-,1
4949,1501,-,1
4942,1502,-,1
4940,1503,-,1
4938,1504,-,1
4937,1505,13,1
4936,1506,11,1
4934,1507,-,1
4931,1508,-,1
4930,1509,10,1
4929,1510,-,1
4926,1511,9,1
4924,1512,13,1
4923,1513,-,1
4922,1514,11,1
4917,1515,-,1
4910,1516,-,1
491,1517,-,1
490,1518,-,1
4895,1519,-,1
4878,1520,-,1
4874,1521,-,1
4864,1522,-,1
4863,1523,-,1
4861,1524,-,1
4854,1525,7,1
4853,1526,-,1
4839,1527,-,1
4835,1528,-,1
4832,1529,-,1
4831,1530,-,1
4829,1531,-,1
4828,1532,-,1
4827,1533,-,1
4823,1534,-,1
4821,1535,-,1
4815,1536,-,1
4814,1537,-,1
4813,1538,-,1
4807,1539,-,1
4806,1540,-,1
4805,1541,-,1
4803,1542,-,1
4798,1543,-,1
4797,1544,-,1
4794,1545,-,1
4791,1546,-,1
4790,1547,-,1
4787,1548,-,1
4786,1549,-,1
4785,1550,-,1
4779,1551,-,1
4777,1552,-,1
4775,1553,-,1
4774,1554,-,1
4768,1555,-,1
4752,1556,-,1
4750,1557,-,1
4749,1558,-,1
4747,1559,-,1
4744,1560,13,1
4741,1561,-,1
4738,1562,-,1
4733,1563,-,1
4731,1564,-,1
4730,1565,-,1
4728,1566,-,1
4727,1567,-,1
4725,1568,-,1
4721,1569,-,1
4718,1570,13,1
4710,1571,-,1
4708,1572,-,1
4704,1573,-,1
4699,1574,-,1
4697,1575,-,1
4696,1576,-,1
4683,1577,13,1
4680,1578,-,1
4678,1579,-,1
4676,1580,-,1
4673,1581,-,1
4670,1582,-,1
4669,1583,-,1
4665,1584,-,1
4663,1585,-,1
4660,1586,-,1
4651,1587,-,1
4650,1588,-,1
4647,1589,-,1
4641,1590,-,1
4636,1591,-,1
4630,1592,-,1
4626,1593,-,1
4623,1594,-,1
4622,1595,-,1
4621,1596,-,1
4613,1597,-,1
4610,1598,-,1
4607,1599,-,1
4605,1600,-,1
4602,1601,9,1
4600,1602,-,1
4599,1603,-,1
4595,1604,-,1
4593,1605,-,1
4588,1606,-,1
4585,1607,-,1
4574,1608,11,1
4571,1609,-,1
4569,1610,-,1
4563,1611,-,1
4557,1612,-,1
4551,1613,-,1
455,1614,-,1
4548,1615,-,1
4545,1616,-,1
4544,1617,-,1
4537,1618,-,1
4536,1619,-,1
4535,1620,-,1
4533,1621,-,1
4531,1622,-,1
4528,1623,-,1
4526,1624,-,1
4520,1625,-,1
4519,1626,-,1
4515,1627,-,1
4508,1628,-,1
4504,1629,-,1
4497,1630,-,1
4494,1631,-,1
4491,1632,-,1
4490,1633,5,1
4489,1634,-,1
4485,1635,-,1
4480,1636,-,1
4479,1637,-,1
4475,1638,-,1
4468,1639,-,1
4464,1640,7,1
4463,1641,-,1
4456,1642,-,1
4455,1643,-,1
4454,1644,14,1
4453,1645,-,1
4445,1646,-,1
4443,1647,13,1
4437,1648,-,1
4435,1649,6,1
4434,1650,-,1
4421,1651,-,1
4420,1652,-,1
4416,1653,-,1
4411,1654,-,1
4409,1655,-,1
4408,1656,-,1
4406,1657,-,1
4401,1658,-,1
4396,1659,-,1
4392,1660,-,1
4385,1661,-,1
4384,1662,-,1
4381,1663,-,1
4373,1664,-,1
4367,1665,-,1
4365,1666,-,1
4364,1667,-,1
4362,1668,-,1
4360,1669,-,1
4358,1670,-,1
4353,1671,8,1
4351,1672,13,1
4350,1673,-,1
4349,1674,8,1
4344,1675,-,1
4338,1676,-,1
4335,1677,-,1
4330,1678,-,1
4328,1679,-,1
4327,1680,-,1
4326,1681,-,1
4324,1682,-,1
4323,1683,-,1
4322,1684,-,1
4320,1685,-,1
4319,1686,-,1
4314,1687,10,1
4309,1688,-,1
4305,1689,-,1
4301,1690,-,1
4289,1691,-,1
4285,1692,-,1
4283,1693,-,1
4274,1694,5,1
4273,1695,-,1
4263,1696,5,1
4252,1697,-,1
4250,1698,-,1
4234,1699,-,1
4229,1700,-,1
4226,1701,-,1
4221,1702,-,1
4219,1703,7,1
4218,1704,-,1
4214,1705,-,1
4208,1706,-,1
4200,1707,-,1
4198,1708,-,1
4197,1709,-,1
4189,1710,11,1
4187,1711,-,1
4186,1712,-,1
4184,1713,-,1
4183,1714,-,1
4179,1715,-,1
4177,1716,11,1
4175,1717,-,1
4171,1718,-,1
4169,1719,-,1
4162,1720,-,1
4160,1721,-,1
4157,1722,-,1
4153,1723,-,1
4152,1724,-,1
4151,1725,-,1
4150,1726,-,1
4149,1727,-,1
4147,1728,6,1
4146,1729,-,1
4144,1730,-,1
4139,1731,-,1
4131,1732,-,1
4128,1733,-,1
4127,1734,-,1
4125,1735,-,1
4111,1736,-,1
4108,1737,-,1
4098,1738,-,1
4089,1739,-,1
4085,1740,-,1
4082,1741,-,1
4080,1742,-,1
4068,1743,-,1
4066,1744,10,1
4061,1745,-,1
4055,1746,-,1
4054,1747,13,1
4051,1748,-,1
4050,1749,-,1
4042,1750,-,1
4040,1751,8,1
4038,1752,-,1
4036,1753,-,1
4031,1754,-,1
4029,1755,-,1
4026,1756,-,1
4004,1757,-,1
3978,1758,-,1
3976,1759,9,1
3969,1760,-,1
3957,1761,-,1
3934,1762,-,1
3921,1763,-,1
3920,1764,-,1
3917,1765,-,1
3916,1766,-,1
3908,1767,-,1
3895,1768,-,1
3894,1769,-,1
3893,1770,-,1
3891,1771,-,1
3883,1772,-,1
3880,1773,-,1
3868,1774,13,1
3859,1775,-,1
3852,1776,-,1
3846,1777,-,1
3832,1778,-,1
3824,1779,-,1
3817,1780,-,1
3816,1781,-,1
3811,1782,-,1
3803,1783,-,1
3780,1784,-,1
3774,1785,-,1
3770,1786,-,1
3762,1787,-,1
3732,1788,-,1
3730,1789,-,1
3727,1790,-,1
3695,1791,-,1
3688,1792,-,1
3670,1793,-,1
367,1794,-,1
3668,1795,13,1
3664,1796,-,1
3660,1797,-,1
3655,1798,-,1
3652,1799,-,1
3648,1800,-,1
3646,1801,-,1
3640,1802,-,1
3634,1803,10,1
3630,1804,-,1
3621,1805,-,1
3615,1806,-,1
3614,1807,-,1
3609,1808,-,1
3606,1809,-,1
3599,1810,-,1
3596,1811,-,1
3594,1812,-,1
3593,1813,-,1
3588,1814,-,1
3584,1815,-,1
3582,1816,-,1
3572,1817,-,1
3570,1818,-,1
3568,1819,-,1
3561,1820,-,1
3556,1821,-,1
3555,1822,-,1
3554,1823,-,1
3551,1824,-,1
3548,1825,-,1
3542,1826,-,1
3540,1827,-,1
3531,1828,-,1
3524,1829,-,1
3520,1830,-,1
3516,1831,-,1
3515,1832,-,1
3514,1833,-,1
3505,1834,-,1
3504,1835,-,1
3503,1836,-,1
3500,1837,-,1
3497,1838,-,1
3496,1839,-,1
3495,1840,-,1
3488,1841,-,1
3486,1842,-,1
3476,1843,-,1
3475,1844,-,1
3465,1845,-,1
3464,1846,-,1
3462,1847,-,1
3456,1848,-,1
3454,1849,-,1
3453,1850,-,1
345,1851,-,1
3447,1852,-,1
3445,1853,-,1
3443,1854,-,1
3440,1855,-,1
344,1856,-,1
3433,1857,-,1
3423,1858,-,1
3418,1859,-,1
3412,1860,-,1
3410,1861,-,1
3407,1862,-,1
3402,1863,-,1
3398,1864,-,1
3397,1865,-,1
3393,1866,-,1
3391,1867,-,1
3380,1868,-,1
3371,1869,-,1
3362,1870,-,1
3357,1871,8,1
3355,1872,-,1
3354,1873,-,1
3353,1874,-,1
3348,1875,-,1
3347,1876,-,1
3343,1877,-,1
3342,1878,-,1
3340,1879,-,1
3336,1880,-,1
3333,1881,7,1
3332,1882,-,1
333,1883,-,1
3328,1884,-,1
3319,1885,-,1
3318,1886,-,1
3312,1887,-,1
331,1888,-,1
3309,1889,7,1
3306,1890,-,1
3300,1891,-,1
3297,1892,-,1
3296,1893,-,1
3286,1894,8,1
3280,1895,-,1
3278,1896,-,1
3271,1897,11,1
3269,1898,13,1
3258,1899,11,1
3242,1900,-,1
3239,1901,11,1
3225,1902,-,1
3211,1903,-,1
3209,1904,-,1
3208,1905,-,1
3205,1906,-,1
3204,1907,-,1
3202,1908,11,1
3200,1909,-,1
3199,1910,-,1
3178,1911,-,1
3177,1912,-,1
3170,1913,-,1
3164,1914,-,1
3161,1915,6,1
3157,1916,-,1
3155,1917,13,1
3150,1918,-,1
3148,1919,-,1
312,1920,-,1
3078,1921,-,1
3052,1922,-,1
3048,1923,8,1
3045,1924,-,1
3041,1925,-,1
3036,1926,-,1
3021,1927,-,1
3020,1928,-,1
2996,1929,-,1
2981,1930,-,1
2962,1931,-,1
2957,1932,-,1
2949,1933,-,1
2948,1934,-,1
2947,1935,-,1
2945,1936,-,1
2944,1937,11,1
2943,1938,-,1
2940,1939,-,1
2939,1940,-,1
2938,1941,-,1
2937,1942,-,1
2936,1943,-,1
2935,1944,-,1
2934,1945,-,1
2933,1946,-,1
2932,1947,-,1
2931,1948,-,1
2930,1949,-,1
2929,1950,-,1
2927,1951,-,1
2925,1952,-,1
2923,1953,-,1
2922,1954,-,1
2921,1955,-,1
2920,1956,-,1
2918,1957,-,1
2917,1958,-,1
2916,1959,-,1
2914,1960,-,1
2913,1961,-,1
2910,1962,-,1
2909,1963,-,1
2906,1964,-,1
2905,1965,-,1
2903,1966,-,1
2900,1967,-,1
2898,1968,-,1
2892,1969,-,1
289,1970,-,1
2886,1971,-,1
2880,1972,-,1
2879,1973,-,1
2875,1974,-,1
2870,1975,-,1
2846,1976,-,1
284,1977,-,1
2838,1978,-,1
2836,1979,-,1
2822,1980,-,1
2821,1981,-,1
2820,1982,-,1
2817,1983,-,1
2801,1984,-,1
2800,1985,-,1
2790,1986,-,1
2787,1987,-,1
2785,1988,-,1
2783,1989,-,1
2771,1990,-,1
2770,1991,-,1
2768,1992,-,1
2767,1993,-,1
2756,1994,-,1
2755,1995,-,1
2754,1996,-,1
2753,1997,-,1
2752,1998,-,1
2751,1999,-,1
2750,2000,-,1
2749,2001,-,1
2733,2002,-,1
2730,2003,-,1
2713,2004,-,1
2711,2005,-,1
2703,2006,-,1
2684,2007,-,1
268,2008,-,1
2674,2009,-,1
2673,2010,-,1
2672,2011,-,1
2658,2012,-,1
2651,2013,-,1
2639,2014,-,1
2636,2015,-,1
2635,2016,-,1
2632,2017,-,1
2620,2018,-,1
2602,2019,-,1
2600,2020,-,1
260,2021,6,1
2597,2022,-,1
2595,2023,-,1
2593,2024,-,1
2588,2025,-,1
2587,2026,-,1
2583,2027,-,1
2582,2028,-,1
2581,2029,-,1
2580,2030,-,1
2578,2031,-,1
2577,2032,-,1
2576,2033,-,1
2573,2034,-,1
2570,2035,-,1
2569,2036,-,1
2567,2037,-,1
2565,2038,-,1
2561,2039,-,1
2560,2040,-,1
2557,2041,-,1
2553,2042,-,1
2549,2043,-,1
2545,2044,-,1
2532,2045,-,1
2528,2046,-,1
2505,2047,-,1
2502,2048,-,1
2496,2049,-,1
2495,2050,-,1
2487,2051,-,1
2476,2052,-,1
2474,2053,-,1
2471,2054,11,1
2465,2055,-,1
2463,2056,-,1
2462,2057,-,1
2460,2058,-,1
246,2059,-,1
2452,2060,-,1
2450,2061,-,1
2446,2062,-,1
2431,2063,-,1
2430,2064,-,1
2422,2065,-,1
2412,2066,-,1
2410,2067,-,1
24,2068,-,1
2399,2069,-,1
2397,2070,-,1
2394,2071,-,1
2391,2072,-,1
2390,2073,-,1
2382,2074,-,1
2381,2075,-,1
2378,2076,-,1
2374,2077,-,1
2373,2078,-,1
2360,2079,-,1
2359,2080,7,1
2346,2081,-,1
2342,2082,-,1
2341,2083,-,1
2334,2084,13,1
2331,2085,-,1
233,2086,-,1
2325,2087,-,1
2320,2088,-,1
232,2089,-,1
2319,2090,-,1
2315,2091,-,1
2312,2092,-,1
2309,2093,-,1
2304,2094,-,1
23,2095,-,1
2291,2096,-,1
2279,2097,-,1
2262,2098,-,1
2257,2099,-,1
2251,2100,-,1
2238,2101,-,1
223,2102,-,1
2229,2103,-,1
2214,2104,-,1
2206,2105,-,1
2200,2106,-,1
2197,2107,-,1
2191,2108,-,1
2174,2109,-,1
2168,2110,-,1
2161,2111,-,1
2152,2112,6,1
2146,2113,-,1
2142,2114,-,1
2121,2115,-,1
2119,2116,-,1
2118,2117,9,1
2114,2118,-,1
2106,2119,-,1
2093,2120,-,1
2082,2121,-,1
208,2122,-,1
2078,2123,8,1
2073,2124,-,1
2044,2125,-,1
2040,2126,-,1
2039,2127,-,1
2028,2128,-,1
2025,2129,-,1
2023,2130,-,1
2004,2131,-,1
2003,2132,-,1
200,2133,-,1
1992,2134,-,1
1987,2135,-,1
1984,2136,6,1
1979,2137,8,1
1971,2138,-,1
1943,2139,-,1
1939,2140,-,1
1916,2141,-,1
1911,2142,-,1
1903,2143,-,1
19,2144,6,1
1895,2145,-,1
1855,2146,-,1
1854,2147,-,1
1848,2148,-,1
1842,2149,-,1
1841,2150,-,1
184,2151,-,1
1837,2152,-,1
1833,2153,-,1
1825,2154,-,1
1817,2155,-,1
181,2156,-,1
1800,2157,-,1
1794,2158,-,1
1793,2159,-,1
178,2160,-,1
1777,2161,-,1
1737,2162,10,1
1718,2163,-,1
1706,2164,13,1
1701,2165,-,1
1696,2166,-,1
1693,2167,-,1
1689,2168,-,1
1684,2169,-,1
1678,2170,-,1
167,2171,-,1
1652,2172,-,1
1642,2173,8,1
1619,2174,-,1
1612,2175,-,1
1604,2176,10,1
1603,2177,-,1
1601,2178,-,1
1592,2179,10,1
1587,2180,-,1
1567,2181,-,1
1559,2182,-,1
1555,2183,-,1
1550,2184,-,1
1546,2185,-,1
1535,2186,-,1
1517,2187,-,1
1502,2188,-,1
1500,2189,-,1
1476,2190,-,1
147,2191,-,1
1451,2192,-,1
1426,2193,-,1
1425,2194,-,1
1408,2195,10,1
14071,2196,8,1
14069,2197,13,1
14068,2198,11,1
14067,2199,5,1
14064,2200,13,1
14063,2201,13,1
14062,2202,-,1
14061,2203,6,1
14058,2204,5,1
14056,2205,10,1
14055,2206,-,1
14049,2207,10,1
14047,2208,-,1
14044,2209,5,1
14041,2210,13,1
14040,2211,6,1
14039,2212,7,1
14038,2213,6,1
14037,2214,11,1
14034,2215,8,1
14031,2216,10,1
14029,2217,7,1
14021,2218,10,1
14020,2219,10,1
14018,2220,-,1
14017,2221,-,1
14008,2222,10,1
14005,2223,-,1
14001,2224,-,1
13996,2225,-,1
13989,2226,-,1
13988,2227,-,1
13981,2228,10,1
13975,2229,11,1
13973,2230,11,1
13972,2231,-,1
13967,2232,11,1
13964,2233,11,1
13963,2234,11,1
13962,2235,11,1
13957,2236,10,1
13949,2237,8,1
13946,2238,6,1
13943,2239,-,1
13941,2240,10,1
13939,2241,-,1
13937,2242,7,1
13931,2243,13,1
13930,2244,-,1
13929,2245,13,1
13923,2246,8,1
13920,2247,-,1
13916,2248,5,1
13913,2249,13,1
13909,2250,13,1
13906,2251,11,1
13905,2252,5,1
13904,2253,5,1
13898,2254,13,1
13890,2255,6,1
13889,2256,9,1
13888,2257,-,1
1388,2258,-,1
13879,2259,14,1
13873,2260,13,1
13870,2261,7,1
1387,2262,-,1
13867,2263,-,1
13862,2264,8,1
13861,2265,8,1
1386,2266,-,1
13859,2267,13,1
13852,2268,13,1
13850,2269,13,1
13849,2270,13,1
13846,2271,11,1
13844,2272,10,1
13839,2273,13,1
13835,2274,-,1
13834,2275,8,1
13831,2276,-,1
13830,2277,11,1
13827,2278,11,1
13826,2279,13,1
13825,2280,13,1
13818,2281,-,1
13816,2282,6,1
13810,2283,11,1
13806,2284,-,1
13805,2285,13,1
13802,2286,13,1
138,2287,9,1
1379,2288,8,1
13783,2289,13,1
13781,2290,-,1
13780,2291,5,1
13779,2292,-,1
13778,2293,5,1
13777,2294,-,1
13776,2295,9,1
13773,2296,-,1
13772,2297,-,1
13770,2298,11,1
13768,2299,-,1
13760,2300,7,1
13750,2301,11,1
13749,2302,11,1
13744,2303,10,1
13743,2304,10,1
13726,2305,14,1
13725,2306,14,1
13712,2307,10,1
13708,2308,11,1
13705,2309,13,1
13702,2310,-,1
13698,2311,7,1
13696,2312,7,1
13685,2313,-,1
13681,2314,-,1
13677,2315,-,1
13674,2316,7,1
13673,2317,-,1
13670,2318,14,1
13667,2319,-,1
13663,2320,8,1
13662,2321,8,1
13661,2322,7,1
13658,2323,7,1
13657,2324,-,1
13647,2325,-,1
13645,2326,7,1
13632,2327,7,1
13630,2328,7,1
13624,2329,-,1
13621,2330,6,1
13619,2331,6,1
13617,2332,-,1
13608,2333,7,1
13604,2334,7,1
13603,2335,7,1
13602,2336,11,1
13600,2337,9,1
13599,2338,11,1
13597,2339,11,1
13595,2340,11,1
13592,2341,-,1
13582,2342,14,1
13580,2343,11,1
13577,2344,10,1
13557,2345,7,1
13554,2346,7,1
13541,2347,8,1
13533,2348,8,1
1352,2349,-,1
13516,2350,6,1
13491,2351,9,1
13477,2352,6,1
1346,2353,-,1
13440,2354,-,1
13438,2355,13,1
13437,2356,8,1
13436,2357,6,1
13435,2358,11,1
13434,2359,6,1
13433,2360,9,1
13432,2361,-,1
13431,2362,6,1
13430,2363,11,1
13429,2364,6,1
13428,2365,7,1
13427,2366,-,1
13426,2367,-,1
13425,2368,10,1
13424,2369,13,1
13423,2370,9,1
13422,2371,9,1
13421,2372,11,1
13420,2373,8,1
13419,2374,5,1
13418,2375,7,1
13416,2376,13,1
13415,2377,5,1
13414,2378,8,1
13413,2379,5,1
13412,2380,6,1
13411,2381,10,1
13410,2382,13,1
13409,2383,6,1
13408,2384,7,1
13407,2385,13,1
13403,2386,11,1
13402,2387,7,1
13400,2388,10,1
13394,2389,7,1
13392,2390,5,1
1339,2391,-,1
13380,2392,7,1
1338,2393,-,1
13357,2394,9,1
13356,2395,7,1
13355,2396,14,1
13354,2397,-,1
13352,2398,-,1
13351,2399,-,1
13350,2400,13,1
13348,2401,7,1
13344,2402,-,1
13343,2403,11,1
13342,2404,5,1
13339,2405,11,1
13338,2406,6,1
13336,2407,10,1
13335,2408,10,1
13334,2409,-,1
13333,2410,13,1
13331,2411,10,1
1333,2412,-,1
13329,2413,13,1
13328,2414,6,1
13327,2415,-,1
13326,2416,13,1
13325,2417,14,1
13324,2418,13,1
13323,2419,-,1
13322,2420,10,1
13321,2421,11,1
13319,2422,8,1
13318,2423,6,1
13316,2424,10,1
13315,2425,11,1
13314,2426,6,1
13313,2427,11,1
13312,2428,6,1
13310,2429,10,1
13309,2430,11,1
13308,2431,10,1
13307,2432,8,1
13306,2433,11,1
13304,2434,-,1
13302,2435,13,1
13300,2436,-,1
13299,2437,7,1
13297,2438,14,1
13296,2439,6,1
13295,2440,11,1
13292,2441,9,1
13291,2442,-,1
13290,2443,-,1
1329,2444,-,1
13289,2445,9,1
13284,2446,-,1
13282,2447,6,1
13280,2448,5,1
13277,2449,8,1
13273,2450,13,1
13270,2451,11,1
13264,2452,6,1
13261,2453,8,1
13258,2454,-,1
13256,2455,-,1
13255,2456,-,1
13251,2457,-,1
13250,2458,-,1
13249,2459,6,1
13246,2460,14,1
13242,2461,-,1
13240,2462,-,1
13238,2463,-,1
13228,2464,-,1
13227,2465,11,1
13225,2466,-,1
13222,2467,-,1
13221,2468,-,1
13217,2469,8,1
13213,2470,13,1
13212,2471,-,1
13210,2472,11,1
13208,2473,-,1
13205,2474,-,1
13202,2475,7,1
13199,2476,11,1
13194,2477,-,1
13193,2478,-,1
13191,2479,-,1
13190,2480,-,1
13189,2481,11,1
13179,2482,5,1
13175,2483,-,1
13173,2484,5,1
13166,2485,-,1
13162,2486,-,1
13161,2487,-,1
13160,2488,-,1
13158,2489,-,1
13154,2490,-,1
13153,2491,-,1
13152,2492,-,1
13151,2493,11,1
13150,2494,10,1
13145,2495,-,1
13143,2496,-,1
13139,2497,-,1
13136,2498,-,1
13129,2499,-,1
13128,2500,-,1
13125,2501,-,1
13124,2502,11,1
13122,2503,13,1
13121,2504,6,1
13120,2505,7,1
1312,2506,-,1
13119,2507,-,1
13117,2508,-,1
13116,2509,5,1
13113,2510,-,1
13110,2511,6,1
13108,2512,-,1
13101,2513,11,1
13100,2514,-,1
13088,2515,-,1
13085,2516,-,1
13080,2517,-,1
1308,2518,-,1
13079,2519,10,1
13075,2520,6,1
13074,2521,11,1
13065,2522,-,1
13064,2523,-,1
13063,2524,-,1
13053,2525,-,1
1305,2526,-,1
13047,2527,11,1
13043,2528,-,1
13042,2529,13,1
13041,2530,-,1
13034,2531,-,1
13032,2532,6,1
1303,2533,-,1
13026,2534,-,1
13022,2535,-,1
13017,2536,-,1
13014,2537,-,1
13013,2538,11,1
13011,2539,11,1
13010,2540,11,1
13005,2541,-,1
13003,2542,11,1
13001,2543,11,1
12984,2544,11,1
12983,2545,11,1
12981,2546,-,1
12976,2547,-,1
12975,2548,9,1
12973,2549,-,1
12972,2550,5,1
12971,2551,6,1
12969,2552,11,1
12967,2553,-,1
12966,2554,-,1
12965,2555,-,1
12963,2556,-,1
12959,2557,-,1
12954,2558,6,1
12953,2559,-,1
12950,2560,-,1
12946,2561,6,1
12941,2562,6,1
12940,2563,-,1
12939,2564,5,1
12938,2565,6,1
12935,2566,9,1
12933,2567,5,1
12928,2568,7,1
12925,2569,13,1
12913,2570,-,1
12909,2571,13,1
12908,2572,7,1
12907,2573,7,1
12906,2574,13,1
12905,2575,-,1
12901,2576,7,1
1290,2577,-,1
12898,2578,-,1
12897,2579,11,1
12893,2580,-,1
12892,2581,13,1
12891,2582,-,1
12889,2583,8,1
12888,2584,8,1
12884,2585,13,1
12883,2586,11,1
12880,2587,-,1
12868,2588,-,1
12866,2589,-,1
12865,2590,6,1
12863,2591,5,1
12860,2592,6,1
12859,2593,-,1
12852,2594,-,1
12851,2595,14,1
12850,2596,-,1
12849,2597,14,1
12848,2598,8,1
12834,2599,-,1
12832,2600,-,1
12831,2601,-,1
12829,2602,13,1
12826,2603,13,1
12820,2604,-,1
12818,2605,-,1
12817,2606,5,1
12815,2607,-,1
12810,2608,-,1
12809,2609,7,1
12803,2610,7,1
12800,2611,-,1
12799,2612,14,1
12797,2613,11,1
12792,2614,10,1
12788,2615,11,1
12787,2616,10,1
12786,2617,-,1
12778,2618,-,1
12777,2619,9,1
12776,2620,10,1
12775,2621,6,1
12773,2622,7,1
12772,2623,9,1
12765,2624,7,1
12762,2625,-,1
12761,2626,6,1
12760,2627,-,1
12757,2628,-,1
12756,2629,7,1
12755,2630,-,1
12753,2631,-,1
12746,2632,10,1
12743,2633,8,1
12738,2634,14,1
12735,2635,10,1
12732,2636,6,1
1273,2637,-,1
12725,2638,11,1
12721,2639,11,1
12718,2640,11,1
12715,2641,8,1
12705,2642,8,1
12700,2643,6,1
12699,2644,13,1
12690,2645,-,1
12688,2646,6,1
12670,2647,7,1
12658,2648,7,1
12656,2649,11,1
12641,2650,7,1
12634,2651,8,1
1262,2652,-,1
12551,2653,-,1
12549,2654,-,1
12546,2655,-,1
12544,2656,7,1
12543,2657,6,1
12542,2658,11,1
12541,2659,13,1
12539,2660,13,1
12538,2661,13,1
12532,2662,-,1
12531,2663,5,1
12528,2664,-,1
12523,2665,5,1
12521,2666,11,1
12520,2667,9,1
12516,2668,9,1
12515,2669,6,1
12505,2670,5,1
12503,2671,11,1
12496,2672,6,1
12495,2673,6,1
12494,2674,11,1
12491,2675,14,1
12488,2676,-,1
12486,2677,11,1
12485,2678,10,1
12482,2679,11,1
12480,2680,8,1
12479,2681,-,1
12478,2682,7,1
12477,2683,8,1
12475,2684,11,1
12473,2685,5,1
12472,2686,11,1
12471,2687,13,1
12467,2688,8,1
12462,2689,11,1
12460,2690,11,1
12453,2691,-,1
12443,2692,-,1
1244,2693,-,1
12435,2694,-,1
12434,2695,-,1
12433,2696,-,1
12431,2697,-,1
12421,2698,-,1
12413,2699,-,1
12412,2700,11,1
12410,2701,-,1
12408,2702,-,1
12402,2703,-,1
12399,2704,-,1
12398,2705,-,1
12395,2706,-,1
12392,2707,-,1
12389,2708,8,1
12383,2709,-,1
12374,2710,11,1
12373,2711,-,1
12370,2712,-,1
12363,2713,-,1
12361,2714,-,1
12360,2715,-,1
12357,2716,9,1
12356,2717,6,1
12355,2718,-,1
12354,2719,-,1
12352,2720,-,1
12350,2721,-,1
12341,2722,-,1
12340,2723,-,1
1234,2724,-,1
12333,2725,-,1
12324,2726,-,1
12320,2727,-,1
1232,2728,-,1
12314,2729,-,1
12311,2730,-,1
12308,2731,-,1
12306,2732,-,1
12300,2733,-,1
12296,2734,-,1
12291,2735,-,1
12288,2736,-,1
12285,2737,-,1
12284,2738,-,1
12283,2739,-,1
12281,2740,-,1
12278,2741,-,1
12277,2742,-,1
12276,2743,-,1
12270,2744,-,1
12268,2745,-,1
12267,2746,10,1
12264,2747,-,1
12260,2748,-,1
12259,2749,-,1
12256,2750,-,1
12254,2751,-,1
12250,2752,-,1
12246,2753,-,1
12245,2754,-,1
12244,2755,-,1
12239,2756,-,1
12237,2757,-,1
12235,2758,-,1
12231,2759,-,1
1223,2760,-,1
12226,2761,-,1
12224,2762,-,1
12222,2763,-,1
12220,2764,-,1
12218,2765,-,1
12217,2766,-,1
12215,2767,-,1
12212,2768,-,1
12210,2769,9,1
12198,2770,-,1
12197,2771,-,1
12191,2772,-,1
12190,2773,-,1
12189,2774,-,1
12188,2775,-,1
12187,2776,-,1
12173,2777,-,1
12171,2778,8,1
12170,2779,-,1
12169,2780,-,1
12168,2781,-,1
12166,2782,-,1
12165,2783,-,1
12154,2784,11,1
12151,2785,-,1
12150,2786,-,1
1215,2787,-,1
12149,2788,-,1
12144,2789,-,1
12135,2790,-,1
12134,2791,-,1
12133,2792,-,1
12129,2793,-,1
12126,2794,-,1
12121,2795,-,1
12118,2796,-,1
12114,2797,-,1
12113,2798,11,1
1211,2799,-,1
12107,2800,-,1
12100,2801,-,1
12097,2802,-,1
12095,2803,-,1
12093,2804,-,1
12090,2805,-,1
12086,2806,-,1
12085,2807,-,1
12080,2808,-,1
12079,2809,8,1
12077,2810,-,1
12074,2811,-,1
12070,2812,11,1
12068,2813,5,1
12066,2814,-,1
12063,2815,-,1
12062,2816,6,1
12061,2817,-,1
12048,2818,11,1
12046,2819,-,1
12045,2820,11,1
12039,2821,-,1
12036,2822,7,1
12033,2823,-,1
12029,2824,-,1
12028,2825,-,1
12026,2826,-,1
12019,2827,-,1
12018,2828,-,1
12013,2829,-,1
12009,2830,-,1
12007,2831,-,1
12003,2832,-,1
12001,2833,-,1
11998,2834,-,1
11995,2835,-,1
11994,2836,10,1
11989,2837,-,1
11982,2838,-,1
11975,2839,-,1
11969,2840,6,1
11964,2841,13,1
11963,2842,13,1
11962,2843,-,1
11961,2844,-,1
11960,2845,-,1
11959,2846,9,1
11957,2847,-,1
11947,2848,-,1
11946,2849,-,1
11943,2850,-,1
11942,2851,7,1
11941,2852,-,1
11940,2853,7,1
11932,2854,-,1
11931,2855,-,1
11925,2856,-,1
11924,2857,-,1
11921,2858,14,1
11918,2859,-,1
11913,2860,-,1
11911,2861,6,1
11906,2862,-,1
11901,2863,-,1
11900,2864,-,1
11897,2865,-,1
11895,2866,8,1
11886,2867,-,1
11885,2868,-,1
11874,2869,-,1
11867,2870,-,1
11864,2871,-,1
11863,2872,-,1
11862,2873,-,1
11859,2874,-,1
11857,2875,-,1
11851,2876,7,1
11850,2877,-,1
11848,2878,-,1
11821,2879,6,1
11820,2880,10,1
11815,2881,13,1
11808,2882,8,1
11806,2883,5,1
11802,2884,11,1
11773,2885,-,1
11762,2886,13,1
11748,2887,8,1
11729,2888,6,1
11716,2889,14,1
1170,2890,-,1
1169,2891,-,1
11654,2892,8,1
11652,2893,-,1
11651,2894,8,1
11650,2895,7,1
11649,2896,6,1
11648,2897,14,1
11645,2898,-,1
11644,2899,10,1
11640,2900,-,1
11636,2901,10,1
11633,2902,11,1
11630,2903,9,1
11629,2904,13,1
11626,2905,5,1
11623,2906,11,1
11621,2907,-,1
11619,2908,-,1
11617,2909,11,1
11616,2910,8,1
11615,2911,-,1
11610,2912,6,1
11608,2913,13,1
11607,2914,-,1
11606,2915,-,1
11605,2916,9,1
11601,2917,-,1
11600,2918,5,1
11599,2919,8,1
11598,2920,8,1
11596,2921,7,1
11595,2922,5,1
11593,2923,14,1
11592,2924,6,1
11590,2925,-,1
11588,2926,8,1
11582,2927,10,1
11581,2928,11,1
11580,2929,-,1
11577,2930,10,1
11574,2931,13,1
11573,2932,7,1
11571,2933,13,1
11570,2934,13,1
11568,2935,-,1
11567,2936,-,1
11562,2937,8,1
11561,2938,-,1
11558,2939,7,1
11556,2940,-,1
11554,2941,-,1
11548,2942,-,1
11544,2943,-,1
11543,2944,-,1
11540,2945,-,1
11538,2946,-,1
11537,2947,-,1
11536,2948,-,1
11530,2949,-,1
11529,2950,-,1
11528,2951,-,1
11526,2952,-,1
11524,2953,-,1
11523,2954,-,1
11522,2955,-,1
11521,2956,-,1
11520,2957,6,1
11511,2958,-,1
11510,2959,14,1
11508,2960,14,1
11506,2961,8,1
11505,2962,-,1
11504,2963,-,1
11502,2964,-,1
11496,2965,-,1
11495,2966,-,1
11493,2967,-,1
11491,2968,-,1
1149,2969,-,1
11486,2970,-,1
11483,2971,-,1
11478,2972,-,1
11474,2973,11,1
11472,2974,-,1
11467,2975,-,1
11456,2976,-,1
11452,2977,-,1
11447,2978,-,1
11445,2979,-,1
1144,2980,-,1
11439,2981,10,1
11438,2982,-,1
11433,2983,10,1
11431,2984,-,1
11421,2985,8,1
11419,2986,-,1
11418,2987,-,1
11415,2988,-,1
11413,2989,-,1
11410,2990,-,1
11388,2991,-,1
11387,2992,-,1
11385,2993,-,1
11384,2994,-,1
11382,2995,-,1
11381,2996,14,1
11380,2997,-,1
11378,2998,6,1
11377,2999,7,1
11374,3000,-,1
11371,3001,11,1
11370,3002,11,1
11367,3003,-,1
11366,3004,-,1
11359,3005,-,1
11357,3006,-,1
11351,3007,-,1
11347,3008,-,1
11344,3009,-,1
11329,3010,-,1
11320,3011,5,1
11312,3012,-,1
11311,3013,5,1
11306,3014,8,1
11304,3015,10,1
11301,3016,-,1
11299,3017,6,1
11298,3018,-,1
11292,3019,11,1
11284,3020,-,1
11283,3021,-,1
11282,3022,-,1
11280,3023,11,1
11276,3024,-,1
11270,3025,-,1
11267,3026,-,1
11266,3027,-,1
11262,3028,-,1
11260,3029,10,1
11257,3030,13,1
11249,3031,-,1
11247,3032,-,1
11245,3033,-,1
11237,3034,6,1
11232,3035,-,1
11231,3036,-,1
11229,3037,-,1
11226,3038,-,1
11225,3039,-,1
11224,3040,-,1
11223,3041,-,1
11222,3042,-,1
11216,3043,-,1
11214,3044,-,1
11213,3045,-,1
11210,3046,11,1
11209,3047,-,1
11204,3048,-,1
11201,3049,11,1
11199,3050,5,1
11197,3051,-,1
11192,3052,-,1
11191,3053,-,1
11190,3054,-,1
11189,3055,-,1
11186,3056,6,1
11184,3057,-,1
11182,3058,-,1
11176,3059,-,1
11174,3060,-,1
11172,3061,-,1
11169,3062,-,1
11168,3063,11,1
11163,3064,-,1
11159,3065,-,1
11158,3066,-,1
11157,3067,5,1
11155,3068,-,1
11148,3069,-,1
11140,3070,-,1
11139,3071,5,1
11136,3072,-,1
11133,3073,-,1
11130,3074,-,1
11126,3075,-,1
11123,3076,-,1
11115,3077,-,1
11114,3078,-,1
11113,3079,9,1
11111,3080,-,1
11105,3081,-,1
11104,3082,-,1
11102,3083,-,1
1110,3084,-,1
111,3085,-,1
11099,3086,-,1
11089,3087,-,1
11088,3088,-,1
11082,3089,6,1
11081,3090,-,1
11080,3091,-,1
11073,3092,-,1
11070,3093,-,1
11068,3094,6,1
11065,3095,8,1
11060,3096,-,1
11056,3097,8,1
11053,3098,-,1
11046,3099,9,1
11034,3100,14,1
11024,3101,-,1
10983,3102,6,1
10871,3103,14,1
10870,3104,-,1
10869,3105,-,1
10867,3106,11,1
10866,3107,13,1
10865,3108,-,1
10863,3109,9,1
10862,3110,-,1
10861,3111,-,1
10860,3112,6,1
10857,3113,11,1
1077,3114,-,1
1071,3115,-,1
1067,3116,-,1
10651,3117,-,1
1049,3118,-,1
1048,3119,-,1
10444,3120,11,1
1034,3121,-,1
1029,3122,-,1
10235,3123,10,1
10234,3124,7,1
10233,3125,-,1
10231,3126,14,1
10230,3127,-,1
10228,3128,6,1
10227,3129,10,1
10226,3130,6,1
10225,3131,14,1
10224,3132,8,1
10223,3133,8,1
10221,3134,8,1
10220,3135,13,1
10218,3136,8,1
10217,3137,-,1
10216,3138,-,1
10215,3139,-,1
10214,3140,11,1
10212,3141,11,1
10211,3142,-,1
10210,3143,10,1
14076,3144,11,1